{"cameraMode":{"drawMode":0,"name":"Shaded","section":"Shading Mode"},"sceneLighting":true,"audioPlay":false,"sceneViewState":{"m_AlwaysRefresh":false,"showFog":true,"showSkybox":true,"showFlares":true,"showImageEffects":true,"showParticleSystems":true,"showVisualEffectGraphs":true,"m_FxEnabled":true},"in2DMode":false,"pivot":{"x":-2.7557239532470705,"y":18.645397186279298,"z":70.7722396850586},"rotation":{"x":0.4186038672924042,"y":0.038120951503515246,"z":-0.017590878531336786,"w":0.9072080254554749},"size":25.291690826416017,"orthographic":false}